author,body,created_utc
___alexa___,É´á´á´¡ á´˜ÊŸá´€ÊÉªÉ´É¢: [JINJER - Pisces (Live Sessio](https://www.youtube.com/watch?v=SQNtGoM3FVU) â”€â”€â”€â”€â”€â”€â”€â”€â”€âšªâ”€â”€â”€â”€â”€ â—„â—„â €[â–¶](https://www.youtube.com/watch?v=SQNtGoM3FVU)â €â–ºâ–ºâ € 3:24 / 5:06 â € â”€â”€â”€â—‹ ğŸ”Š á´´á´° âš™ï¸,2020-12-13 07:03:26
___alexa___,"É´á´á´¡ á´˜ÊŸá´€ÊÉªÉ´É¢: [ROSALÃA, Ozuna - Yo x Ti, Tu](https://www.youtube.com/watch?v=2j3x0VYnehg) â”€â”€â”€â”€â”€â”€â”€â”€â”€âšªâ”€â”€â”€â”€â”€ â—„â—„â €[â–¶](https://www.youtube.com/watch?v=2j3x0VYnehg)â €â–ºâ–ºâ € 2:18 / 3:28 â € â”€â”€â”€â—‹ ğŸ”Š á´´á´° âš™ï¸",2020-12-13 06:11:06
___alexa___,É´á´á´¡ á´˜ÊŸá´€ÊÉªÉ´É¢: [Sheff G - No Negotiations (O](https://www.youtube.com/watch?v=wl341DODfIs) â”€â”€â”€â”€â”€â”€â”€â”€â”€âšªâ”€â”€â”€â”€â”€ â—„â—„â €[â–¶](https://www.youtube.com/watch?v=wl341DODfIs)â €â–ºâ–ºâ € 1:21 / 2:02 â € â”€â”€â”€â—‹ ğŸ”Š á´´á´° âš™ï¸,2020-12-13 05:56:33
UsingYourWifi,"https://m.youtube.com/watch?v=9cS6DjeBz7g

Found it. Look at the rat stache on this guy.",2020-12-13 02:14:03
___alexa___,É´á´á´¡ á´˜ÊŸá´€ÊÉªÉ´É¢: [Comethazine - Air Max (Offic](https://www.youtube.com/watch?v=0QTTQ8-vxyA) â”€â”€â”€â”€â”€â”€â”€â”€â”€âšªâ”€â”€â”€â”€â”€ â—„â—„â €[â–¶](https://www.youtube.com/watch?v=0QTTQ8-vxyA)â €â–ºâ–ºâ € 1:40 / 2:31 â € â”€â”€â”€â—‹ ğŸ”Š á´´á´° âš™ï¸,2020-12-13 01:46:17
variousbakedgoodies,"Hey we banned for posting this the other day: apparently cordier has become a WSB mod...

Seems like this belongs here as sort of a basic training per se for the really raw beginner Autists. 

https://m.youtube.com/watch?v=LI395YShGRQ",2020-12-13 01:33:27
420redditpornacct69,"there's probably compatibility between Ackman and the Collisons based off of the things they say of a more philosophical bent

take this clip of [Patrick Collison](https://youtu.be/knXY3Rwtfww?t=1495). listen through to like ~27:20. or this one of [John Collison](https://www.youtube.com/watch?v=N_W62v3RYwc)

do these boys sound like they want to keep the status quo and let the world keep going to shit, or kick up some dust? do they sound like money grubbing little piggies that would hire Goldman Sachs to do their IPO or people who are more concerned with helping to level the playing field?",2020-12-13 01:15:10
catholic_cowboy,V shape recovery after every dip. Showing more strength than any other etf. Not nearly as risky as pure tesla. Everyday I regret it not being 100% of my portfolio and so do you.,2020-12-13 01:13:33
SpaceCatVII,https://m.youtube.com/watch?v=9En1rjVja5o,2020-12-13 00:34:49
___alexa___,É´á´á´¡ á´˜ÊŸá´€ÊÉªÉ´É¢: [DJay (Terrence Howard) - Who](https://www.youtube.com/watch?v=0qCYabLy1ic) â”€â”€â”€â”€â”€â”€â”€â”€â”€âšªâ”€â”€â”€â”€â”€ â—„â—„â €[â–¶](https://www.youtube.com/watch?v=0qCYabLy1ic)â €â–ºâ–ºâ € 2:58 / 4:27 â € â”€â”€â”€â—‹ ğŸ”Š á´´á´° âš™ï¸,2020-12-13 00:26:33
MarcusElden,Reminder: https://www.youtube.com/watch?v=xdfeXqHFmPI,2020-12-13 00:16:21
___alexa___,É´á´á´¡ á´˜ÊŸá´€ÊÉªÉ´É¢: [Mark Morrison - Return Of Th](https://www.youtube.com/watch?v=uB1D9wWxd2w) â”€â”€â”€â”€â”€â”€â”€â”€â”€âšªâ”€â”€â”€â”€â”€ â—„â—„â €[â–¶](https://www.youtube.com/watch?v=uB1D9wWxd2w)â €â–ºâ–ºâ € 2:30 / 3:46 â € â”€â”€â”€â—‹ ğŸ”Š á´´á´° âš™ï¸,2020-12-13 00:16:14
gstauf,[https://www.youtube.com/watch?v=fk1Q9y6VVy0](https://www.youtube.com/watch?v=fk1Q9y6VVy0),2020-12-13 00:07:06
___alexa___,É´á´á´¡ á´˜ÊŸá´€ÊÉªÉ´É¢: [Kendrick Lamar - i (Official](https://www.youtube.com/watch?v=8aShfolR6w8) â”€â”€â”€â”€â”€â”€â”€â”€â”€âšªâ”€â”€â”€â”€â”€ â—„â—„â €[â–¶](https://www.youtube.com/watch?v=8aShfolR6w8)â €â–ºâ–ºâ € 3:08 / 4:43 â € â”€â”€â”€â—‹ ğŸ”Š á´´á´° âš™ï¸,2020-12-13 00:02:51
Free_Tendies_Van,[putin asmr for you guys to fall asleep to](https://www.youtube.com/watch?v=awWAd-jdwDg),2020-12-13 04:33:44
___alexa___,É´á´á´¡ á´˜ÊŸá´€ÊÉªÉ´É¢: [King Von ft. Fivio Foreign -](https://www.youtube.com/watch?v=JHixsTYXfso) â”€â”€â”€â”€â”€â”€â”€â”€â”€âšªâ”€â”€â”€â”€â”€ â—„â—„â €[â–¶](https://www.youtube.com/watch?v=JHixsTYXfso)â €â–ºâ–ºâ € 2:03 / 3:05 â € â”€â”€â”€â—‹ ğŸ”Š á´´á´° âš™ï¸,2020-12-13 04:32:45
Jcpmax,"https://www.youtube.com/watch?v=YDZAhAOqroY

They are coming for our tendies boys",2020-12-13 04:05:32
trapfactory,I took a fat hit on Friday since v-shaped recovery uk. So I decided to go balls deep like balllls deep on SPY 370s expiring next week. Hope those print boys or I'm done for ever tbh,2020-12-13 03:41:11
DescartesLocke," [Jim Cramer: Return of individual investors changed the entire character of the market - YouTube](https://www.youtube.com/watch?v=e5Qf_dEgFmQ) 

&amp;#x200B;

I just watched this clip. OMG, is Cramer going full WSB!?",2020-12-13 03:28:33
___alexa___,É´á´á´¡ á´˜ÊŸá´€ÊÉªÉ´É¢: [Gay Bears Try Voguing       ](https://www.youtube.com/watch?v=rJGgj84bXww) â”€â”€â”€â”€â”€â”€â”€â”€â”€âšªâ”€â”€â”€â”€â”€ â—„â—„â €[â–¶](https://www.youtube.com/watch?v=rJGgj84bXww)â €â–ºâ–ºâ € 3:13 / 4:50 â € â”€â”€â”€â—‹ ğŸ”Š á´´á´° âš™ï¸,2020-12-13 03:14:58
PlaneIntroduction8,Ah the good old days of the true V shape recovery,2020-12-13 03:10:10
fogcity89,"people who invest virgin galactic (spce) wish spacex was public

[https://www.youtube.com/watch?v=XT\_G7cyEvBM&amp;t=18s](https://www.youtube.com/watch?v=XT_G7cyEvBM&amp;t=18s)",2020-12-13 02:45:08
Chieftyfifty,[https://www.youtube.com/watch?v=wv-7hILtUI4](https://www.youtube.com/watch?v=wv-7hILtUI4) The year is 2005 life was simple then... then you got your shit scammed,2020-12-13 02:27:59
___alexa___,É´á´á´¡ á´˜ÊŸá´€ÊÉªÉ´É¢: [Gang Starr - Ex Girl To The ](https://www.youtube.com/watch?v=B8kW6IEBdf0) â”€â”€â”€â”€â”€â”€â”€â”€â”€âšªâ”€â”€â”€â”€â”€ â—„â—„â €[â–¶](https://www.youtube.com/watch?v=B8kW6IEBdf0)â €â–ºâ–ºâ € 3:10 / 4:46 â € â”€â”€â”€â—‹ ğŸ”Š á´´á´° âš™ï¸,2020-12-13 09:28:37
___alexa___,É´á´á´¡ á´˜ÊŸá´€ÊÉªÉ´É¢: [Young Thug - Up feat. Lil Uz](https://www.youtube.com/watch?v=OSAAGrnZt8Q) â”€â”€â”€â”€â”€â”€â”€â”€â”€âšªâ”€â”€â”€â”€â”€ â—„â—„â €[â–¶](https://www.youtube.com/watch?v=OSAAGrnZt8Q)â €â–ºâ–ºâ € 3:17 / 4:56 â € â”€â”€â”€â—‹ ğŸ”Š á´´á´° âš™ï¸,2020-12-13 08:45:52
___alexa___,É´á´á´¡ á´˜ÊŸá´€ÊÉªÉ´É¢: [Fullys for Bullies (feat. Li](https://www.youtube.com/watch?v=Lta-tjr6Avo) â”€â”€â”€â”€â”€â”€â”€â”€â”€âšªâ”€â”€â”€â”€â”€ â—„â—„â €[â–¶](https://www.youtube.com/watch?v=Lta-tjr6Avo)â €â–ºâ–ºâ € 2:04 / 3:07 â € â”€â”€â”€â—‹ ğŸ”Š á´´á´° âš™ï¸,2020-12-13 08:42:21
___alexa___,É´á´á´¡ á´˜ÊŸá´€ÊÉªÉ´É¢: [bladee - Be Nice To Me      ](https://www.youtube.com/watch?v=vcAp4nmTZCA) â”€â”€â”€â”€â”€â”€â”€â”€â”€âšªâ”€â”€â”€â”€â”€ â—„â—„â €[â–¶](https://www.youtube.com/watch?v=vcAp4nmTZCA)â €â–ºâ–ºâ € 1:25 / 2:08 â € â”€â”€â”€â—‹ ğŸ”Š á´´á´° âš™ï¸,2020-12-13 08:35:42
___alexa___,É´á´á´¡ á´˜ÊŸá´€ÊÉªÉ´É¢: [SALEM - Starfall (Official M](https://www.youtube.com/watch?v=OldLS3YE04Y) â”€â”€â”€â”€â”€â”€â”€â”€â”€âšªâ”€â”€â”€â”€â”€ â—„â—„â €[â–¶](https://www.youtube.com/watch?v=OldLS3YE04Y)â €â–ºâ–ºâ € 1:53 / 2:50 â € â”€â”€â”€â—‹ ğŸ”Š á´´á´° âš™ï¸,2020-12-13 08:26:33
___alexa___,É´á´á´¡ á´˜ÊŸá´€ÊÉªÉ´É¢: [King Von (feat. Polo G) - Th](https://www.youtube.com/watch?v=luU7F7lvvjk) â”€â”€â”€â”€â”€â”€â”€â”€â”€âšªâ”€â”€â”€â”€â”€ â—„â—„â €[â–¶](https://www.youtube.com/watch?v=luU7F7lvvjk)â €â–ºâ–ºâ € 2:25 / 3:38 â € â”€â”€â”€â—‹ ğŸ”Š á´´á´° âš™ï¸,2020-12-13 08:22:20
___alexa___,É´á´á´¡ á´˜ÊŸá´€ÊÉªÉ´É¢: [Aphex Twin - Xtal (1992)    ](https://www.youtube.com/watch?v=eiL2FGsmvWs) â”€â”€â”€â”€â”€â”€â”€â”€â”€âšªâ”€â”€â”€â”€â”€ â—„â—„â €[â–¶](https://www.youtube.com/watch?v=eiL2FGsmvWs)â €â–ºâ–ºâ € 3:22 / 5:03 â € â”€â”€â”€â—‹ ğŸ”Š á´´á´° âš™ï¸,2020-12-13 08:14:39
___alexa___,É´á´á´¡ á´˜ÊŸá´€ÊÉªÉ´É¢: [Comethazine - FIND HIM (Offi](https://www.youtube.com/watch?v=R6UgKDcQ48w) â”€â”€â”€â”€â”€â”€â”€â”€â”€âšªâ”€â”€â”€â”€â”€ â—„â—„â €[â–¶](https://www.youtube.com/watch?v=R6UgKDcQ48w)â €â–ºâ–ºâ € 1:50 / 2:45 â € â”€â”€â”€â—‹ ğŸ”Š á´´á´° âš™ï¸,2020-12-13 08:09:59
___alexa___,É´á´á´¡ á´˜ÊŸá´€ÊÉªÉ´É¢: [Ty Dolla $ign â€“ Temptations ](https://www.youtube.com/watch?v=Y3_8_ccCYOo) â”€â”€â”€â”€â”€â”€â”€â”€â”€âšªâ”€â”€â”€â”€â”€ â—„â—„â €[â–¶](https://www.youtube.com/watch?v=Y3_8_ccCYOo)â €â–ºâ–ºâ € 1:42 / 2:34 â € â”€â”€â”€â—‹ ğŸ”Š á´´á´° âš™ï¸,2020-12-13 08:05:03
___alexa___,É´á´á´¡ á´˜ÊŸá´€ÊÉªÉ´É¢: [Maroon 5 - Sugar            ](https://www.youtube.com/watch?v=09R8_2nJtjg) â”€â”€â”€â”€â”€â”€â”€â”€â”€âšªâ”€â”€â”€â”€â”€ â—„â—„â €[â–¶](https://www.youtube.com/watch?v=09R8_2nJtjg)â €â–ºâ–ºâ € 3:21 / 5:02 â € â”€â”€â”€â—‹ ğŸ”Š á´´á´° âš™ï¸,2020-12-13 07:23:19
elcasar,https://www.youtube.com/watch?v=qE5yvuKoFmE,2020-12-13 11:27:22
diorede,"We had a gay week. We mooning next week.

Rug pull was happening until Friday afternoon until we saw V shape recovery.",2020-12-13 11:14:28
jjd1226,"Youâ€™re right. -.53 v -.81
34.57 surprise. 

Thanks friend. Iâ€™ll change when I get to a computer.",2020-12-13 09:41:08
WoochTAK,Anybody in Vâ‚¬RU??,2020-12-13 09:37:39
CaptainAssneck,Obligatory: https://m.youtube.com/watch?v=_xK90m9_Ni4,2020-12-13 14:07:48
samuelspiker13,"Try again, [gamestop.com](https://www.youtube.com/watch?v=ub82Xb1C8os) is working fine for me",2020-12-13 14:06:41
Reptile449,And also [drunk homura](https://www.youtube.com/watch?v=kwiuX2OAvJg),2020-12-13 13:58:33
tendrils87,https://www.youtube.com/watch?v=l_XH4VWXcOw,2020-12-13 13:46:52
___alexa___,É´á´á´¡ á´˜ÊŸá´€ÊÉªÉ´É¢: [Vince Guaraldi Trio - Christ](https://www.youtube.com/watch?v=YvI_FNrczzQ) â”€â”€â”€â”€â”€â”€â”€â”€â”€âšªâ”€â”€â”€â”€â”€ â—„â—„â €[â–¶](https://www.youtube.com/watch?v=YvI_FNrczzQ)â €â–ºâ–ºâ € 4:02 / 6:03 â € â”€â”€â”€â—‹ ğŸ”Š á´´á´° âš™ï¸,2020-12-13 13:15:51
___alexa___,É´á´á´¡ á´˜ÊŸá´€ÊÉªÉ´É¢: [Steady Mobbin               ](https://www.youtube.com/watch?v=86wtVQ6F1YY) â”€â”€â”€â”€â”€â”€â”€â”€â”€âšªâ”€â”€â”€â”€â”€ â—„â—„â €[â–¶](https://www.youtube.com/watch?v=86wtVQ6F1YY)â €â–ºâ–ºâ € 3:27 / 5:11 â € â”€â”€â”€â—‹ ğŸ”Š á´´á´° âš™ï¸,2020-12-13 13:05:58
___alexa___,É´á´á´¡ á´˜ÊŸá´€ÊÉªÉ´É¢: [Bizarre Love Triangle       ](https://www.youtube.com/watch?v=bKVbB_qZQcU) â”€â”€â”€â”€â”€â”€â”€â”€â”€âšªâ”€â”€â”€â”€â”€ â—„â—„â €[â–¶](https://www.youtube.com/watch?v=bKVbB_qZQcU)â €â–ºâ–ºâ € 2:54 / 4:22 â € â”€â”€â”€â—‹ ğŸ”Š á´´á´° âš™ï¸,2020-12-13 12:57:16
___alexa___,É´á´á´¡ á´˜ÊŸá´€ÊÉªÉ´É¢: [My Nigga                    ](https://www.youtube.com/watch?v=tcz2aYcnmJE) â”€â”€â”€â”€â”€â”€â”€â”€â”€âšªâ”€â”€â”€â”€â”€ â—„â—„â €[â–¶](https://www.youtube.com/watch?v=tcz2aYcnmJE)â €â–ºâ–ºâ € 2:37 / 3:56 â € â”€â”€â”€â—‹ ğŸ”Š á´´á´° âš™ï¸,2020-12-13 12:35:28
___alexa___,É´á´á´¡ á´˜ÊŸá´€ÊÉªÉ´É¢: [Next - Too Close (Official M](https://www.youtube.com/watch?v=kwEZRPkAAu8) â”€â”€â”€â”€â”€â”€â”€â”€â”€âšªâ”€â”€â”€â”€â”€ â—„â—„â €[â–¶](https://www.youtube.com/watch?v=kwEZRPkAAu8)â €â–ºâ–ºâ € 3:06 / 4:40 â € â”€â”€â”€â—‹ ğŸ”Š á´´á´° âš™ï¸,2020-12-13 12:34:46
MechaFuckboy,"Recent shitposts noobs were temp-banned for:

User|Post Title
:--|:--
/u/StraightShooter2021|[TSLA Gap up tomorrow pm](https://redd.it/kcc1ji)
/u/JahAkaYungDaggerDick|[If you had to invest Â£500 how would you do it ?](https://redd.it/kcce9h)
/u/milzlam|[Best calls for 2021](https://redd.it/kccq5e)
/u/barnetta|[The F-Team](https://redd.it/kccr5l)
/u/jamzkourt|[Any of you retards know how to read a chart ? I usually reads on gut feeling but was wondering if the chart for pic xl fleet looks bullish or bearish. Want a good entry .....anyone else holding](https://redd.it/kcdblk)
/u/LeninMarxcccp|[PLTR question Please Help!](https://redd.it/kcderb)
/u/Marshmallowmind2|[BIGGEST BURNS STORIES](https://redd.it/kce3k3)
/u/TheMotorCityCobra|[How much money have you actually gained/lost in the stock market?](https://redd.it/kce534)
/u/lazyass427|[Shares v Calls](https://redd.it/kce7bw)
/u/ObeyTheCookies|[Whatâ€™s up fellow retards](https://redd.it/kcelhe)",2020-12-13 12:29:40
sargon76,Best Version is [here](https://www.youtube.com/watch?v=B-N1yJyrQRY),2020-12-13 16:46:04
APUdad,[https://www.youtube.com/watch?v=nABGXXdQD2w](https://www.youtube.com/watch?v=nABGXXdQD2w),2020-12-13 16:18:22
GayPeeMorecum,[https://www.youtube.com/watch?v=9xZx1lf2tvs](https://www.youtube.com/watch?v=9xZx1lf2tvs),2020-12-13 16:11:56
bigkev2569,G H I V - calls or buy stock?,2020-12-13 16:09:29
JoeyDaB3Ast,# G H I V,2020-12-13 16:06:40
CrossP,[Levan Polka](https://www.youtube.com/watch?v=x1OSrJeCRsQ&amp;ab_channel=Aquabella-Topic),2020-12-13 16:06:39
throwaway77788848381,Jerking off to V A L E mooning off of Tesla partnership rumors,2020-12-13 16:05:37
StreetlampEsq,"The PC v console numbers are likely because last gen consoles are struggling with Cyberpunk, and next gen consoles are impossible to find right now.
https://www.gamesradar.com/amp/sony-is-refunding-unhappy-cyberpunk-2077-ps4-players/#aoh=16078925401036&amp;referrer=https%3A%2F%2Fwww.google.com&amp;amp_tf=From%20%251%24s",2020-12-13 15:50:21
___alexa___,É´á´á´¡ á´˜ÊŸá´€ÊÉªÉ´É¢: [Gay Bears Try Voguing       ](https://www.youtube.com/watch?v=rJGgj84bXww) â”€â”€â”€â”€â”€â”€â”€â”€â”€âšªâ”€â”€â”€â”€â”€ â—„â—„â €[â–¶](https://www.youtube.com/watch?v=rJGgj84bXww)â €â–ºâ–ºâ € 3:13 / 4:50 â € â”€â”€â”€â—‹ ğŸ”Š á´´á´° âš™ï¸,2020-12-13 15:44:12
JeveSt0bs,[Da Bulls](https://www.youtube.com/watch?v=NkLjN0UcaTg&amp;ab_channel=AnalogIndulgence),2020-12-13 15:37:07
AwkwardBaygull,What are your positions my dude? I've been wondering about X P E V .. didn't they get upgraded to a +70 price target?,2020-12-13 15:36:49
SlickFrog,"Try this one for a demo - he talks for a while but at about 1/2 or so in the video he sits down and demos the product 

https://m.youtube.com/watch?v=XyDEHCcQ_bk&amp;t=3s",2020-12-13 15:34:39
nahog99,"[This is America, so call me maybe](https://www.youtube.com/watch?v=YUWq_aBiE_s&amp;feature=emb_title)",2020-12-13 15:32:06
marsinfurs,[Here bro](https://www.youtube.com/watch?v=lwSysg9o7wE),2020-12-13 15:09:53
mu5tardtiger,"oh in that case have you ever heard of Jocko?
https://www.youtube.com/watch?v=IdTMDpizis8

watch this and get back to me.",2020-12-13 14:53:05
___alexa___,É´á´á´¡ á´˜ÊŸá´€ÊÉªÉ´É¢: [No Shot - MaulBrawl (Trainwr](https://www.youtube.com/watch?v=E5LKFSv-ktA) â”€â”€â”€â”€â”€â”€â”€â”€â”€âšªâ”€â”€â”€â”€â”€ â—„â—„â €[â–¶](https://www.youtube.com/watch?v=E5LKFSv-ktA)â €â–ºâ–ºâ € 1:54 / 2:51 â € â”€â”€â”€â—‹ ğŸ”Š á´´á´° âš™ï¸,2020-12-13 19:05:02
___alexa___,É´á´á´¡ á´˜ÊŸá´€ÊÉªÉ´É¢: [Gay Bears Try Voguing       ](https://www.youtube.com/watch?v=rJGgj84bXww) â”€â”€â”€â”€â”€â”€â”€â”€â”€âšªâ”€â”€â”€â”€â”€ â—„â—„â €[â–¶](https://www.youtube.com/watch?v=rJGgj84bXww)â €â–ºâ–ºâ € 3:13 / 4:50 â € â”€â”€â”€â—‹ ğŸ”Š á´´á´° âš™ï¸,2020-12-13 19:03:38
baschbrandon,"I hate you, but love your holdings because im right there with you.  Add some aye pee ex tee or l.  V.  G w ,  top it off with the big fucking tendies machine",2020-12-13 18:54:40
___alexa___,É´á´á´¡ á´˜ÊŸá´€ÊÉªÉ´É¢: [Snoop Dogg - Pump Pump feat.](https://www.youtube.com/watch?v=q_6wNxMb6xU) â”€â”€â”€â”€â”€â”€â”€â”€â”€âšªâ”€â”€â”€â”€â”€ â—„â—„â €[â–¶](https://www.youtube.com/watch?v=q_6wNxMb6xU)â €â–ºâ–ºâ € 3:07 / 4:41 â € â”€â”€â”€â—‹ ğŸ”Š á´´á´° âš™ï¸,2020-12-13 18:54:27
___alexa___,É´á´á´¡ á´˜ÊŸá´€ÊÉªÉ´É¢: [The LARGEST Shark In The Wor](https://www.youtube.com/watch?v=DoTPz4In3NA) â”€â”€â”€â”€â”€â”€â”€â”€â”€âšªâ”€â”€â”€â”€â”€ â—„â—„â €[â–¶](https://www.youtube.com/watch?v=DoTPz4In3NA)â €â–ºâ–ºâ € 3:44 / 5:36 â € â”€â”€â”€â—‹ ğŸ”Š á´´á´° âš™ï¸,2020-12-13 18:51:05
___alexa___,É´á´á´¡ á´˜ÊŸá´€ÊÉªÉ´É¢: [My Asshole Hurts            ](https://www.youtube.com/watch?v=l1ZfyQ7yHrU) â”€â”€â”€â”€â”€â”€â”€â”€â”€âšªâ”€â”€â”€â”€â”€ â—„â—„â €[â–¶](https://www.youtube.com/watch?v=l1ZfyQ7yHrU)â €â–ºâ–ºâ € 1:17 / 1:56 â € â”€â”€â”€â—‹ ğŸ”Š á´´á´° âš™ï¸,2020-12-13 18:44:05
breatheb4thevoid,can you *g h i v* me all the *s r a c*y good details?,2020-12-13 18:42:55
THEBHR,WSB version of [This is America](https://www.youtube.com/watch?v=6cmg75bgkkg).,2020-12-13 18:40:24
yawya,"reminds me of [stinkfist, by taylor swift](https://www.youtube.com/watch?v=56Cqbk9CJz8)",2020-12-13 18:33:18
yawya,"reminds me of [stinkfist, by taylor swift](https://www.youtube.com/watch?v=56Cqbk9CJz8)",2020-12-13 18:32:26
Asst_tothe_RgnlMngr,"alright bears, get in [line](https://scontent-iad3-1.xx.fbcdn.net/v/t1.0-9/fr/cp0/e15/q65/131018574_3697786633577599_3201561381973490480_o.jpg?_nc_cat=101&amp;cc=2&amp;_nc_sid=110474&amp;efg=eyJpIjoidCJ9&amp;_nc_ohc=hPer5oKdW4MAX9vYTmG&amp;_nc_ht=scontent-iad3-1.xx&amp;tp=14&amp;oh=059833aa4be175f3fbae4ab753a16d6a&amp;oe=5FFDC9C4)",2020-12-13 18:31:50
WallGamblerTheReturn,"A P X T, B F T, D M Y D, G H I V up on all of them and  P S T H but Iâ€™m holding that",2020-12-13 18:28:41
___alexa___,É´á´á´¡ á´˜ÊŸá´€ÊÉªÉ´É¢: [Gay Bears Try Voguing       ](https://www.youtube.com/watch?v=rJGgj84bXww) â”€â”€â”€â”€â”€â”€â”€â”€â”€âšªâ”€â”€â”€â”€â”€ â—„â—„â €[â–¶](https://www.youtube.com/watch?v=rJGgj84bXww)â €â–ºâ–ºâ € 3:13 / 4:50 â € â”€â”€â”€â—‹ ğŸ”Š á´´á´° âš™ï¸,2020-12-13 18:24:02
___alexa___,É´á´á´¡ á´˜ÊŸá´€ÊÉªÉ´É¢: [DRAM - Cash Machine (Officia](https://www.youtube.com/watch?v=9rx0eqQl8wk) â”€â”€â”€â”€â”€â”€â”€â”€â”€âšªâ”€â”€â”€â”€â”€ â—„â—„â €[â–¶](https://www.youtube.com/watch?v=9rx0eqQl8wk)â €â–ºâ–ºâ € 2:10 / 3:16 â € â”€â”€â”€â—‹ ğŸ”Š á´´á´° âš™ï¸,2020-12-13 18:09:28
___alexa___,É´á´á´¡ á´˜ÊŸá´€ÊÉªÉ´É¢: [Joe Budden - Pump It Up (Off](https://www.youtube.com/watch?v=ySfwW_xSRU4) â”€â”€â”€â”€â”€â”€â”€â”€â”€âšªâ”€â”€â”€â”€â”€ â—„â—„â €[â–¶](https://www.youtube.com/watch?v=ySfwW_xSRU4)â €â–ºâ–ºâ € 3:12 / 4:49 â € â”€â”€â”€â—‹ ğŸ”Š á´´á´° âš™ï¸,2020-12-13 18:09:13
AtWarWithAll,[Hey beautiful](https://www.youtube.com/watch?v=hlMKEGWghro),2020-12-13 18:08:11
NervousTumbleweed,"Bears are fucked:

[Unedited Footage of A Bear](https://www.youtube.com/watch?v=2gMjJNGg9Z8&amp;list=LLtG2g5_ON38-HZfgjSIz5eQ&amp;index=298)",2020-12-13 18:04:21
___alexa___,É´á´á´¡ á´˜ÊŸá´€ÊÉªÉ´É¢: [What the Bears Can Teach Gol](https://www.youtube.com/watch?v=8J-gaUgztjs) â”€â”€â”€â”€â”€â”€â”€â”€â”€âšªâ”€â”€â”€â”€â”€ â—„â—„â €[â–¶](https://www.youtube.com/watch?v=8J-gaUgztjs)â €â–ºâ–ºâ € 6:23 / 9:35 â € â”€â”€â”€â—‹ ğŸ”Š á´´á´° âš™ï¸,2020-12-13 18:03:48
Aviternus,[To be continued...](https://www.youtube.com/watch?v=7uBqNgxAuBA&amp;ab_channel=hahahailey),2020-12-13 18:02:58
7357,"Six years later the main lines aren't all replaced, and for a long time the wrecked service lines to each household remained in whatever state each homeowner could afford (thousands are still missing the replacing of theirs, not to mention the pipes *in* each house that remain wrecked, plus all the appliances and fixtures). That take is not nearly detailed enough to give you the whole picture. Tests right at the water treatment plant don't mean much if it then flows through a patchwork of shit pipes.

One can't forget the lasting effects in the population either; lead poisoning cannot be cured and sticks with you the rest of your life, there are other heavy metal poisoning issues as well, and some effects of lead for a mother can carry over to their *grandchildren.* Not to mention for many residents the water smells like ass so no, Flint water is not fine. :(

https://www.sciencedaily.com/releases/2015/10/151002191739.htm

This indie journo has been covering the crisis since the start: https://www.youtube.com/watch?v=EVhziVzhCvM&amp;list=PLt26I5I31rNstdrCV_M3OOtyK8V4X8kQh&amp;index=7&amp;t=7m",2020-12-13 17:58:34
JustinianIV,"[https://www.youtube.com/watch?v=0Sxdps-kcdE](https://www.youtube.com/watch?v=0Sxdps-kcdE)

Here you go you uncultured boomer fucks.",2020-12-13 17:34:23
Prestigious_Count_62,"Nope. CNBC called for it to triple on Friday after hours. 

Link: https://m.youtube.com/watch?v=i0BC7uaViAs&amp;feature=youtu.be",2020-12-13 21:33:18
heygansito,"The guy called Dave Ramsey and said: ""..... and I also got really lucky investing in some things I really didn't understand with that money""

Most of us don't know what we are doing. You belong here. 

[https://www.youtube.com/watch?v=AzRAyFuoAoU&amp;t=32s](https://www.youtube.com/watch?v=AzRAyFuoAoU&amp;t=32s)",2020-12-13 21:24:23
stupidgutsneverglory,The time a guy bought puts on a publicly traded german soccer team (just learned thats a thing ) and then bombed the fucking team bus so his puts would print while everyone blamed ISIS lol. [https://www.youtube.com/watch?v=oy2PX-YXP7I](https://www.youtube.com/watch?v=oy2PX-YXP7I),2020-12-13 21:11:26
Throwdest,[https://www.youtube.com/watch?v=IW19xASnqw8](https://www.youtube.com/watch?v=IW19xASnqw8),2020-12-13 21:01:37
veilwalker,"Why?

We don't know that this is the company and I can already buy PYPL, SQ, V, MA, BFT (paysafe).

Why should I gamble with Ackman and maybe or maybe not stripe.

Why should I gamble on stripe if it is the merger partner?",2020-12-13 21:00:46
EatMeatPeeps,"Stay tuned tomorrow for a Super V, brought to you by money printer, it goes brrrrr",2020-12-13 20:39:01
oldDotredditisbetter,no belieber slipnot vid? https://www.youtube.com/watch?v=kspPE9E1yGM,2020-12-13 20:28:18
Neat_Spread_6969,[MFW buying FD weeklies for a rocket company](http://www.youtube.com/watch?v=UcTmBfA7Qik&amp;t=0m55s),2020-12-13 20:26:26
___alexa___,"É´á´á´¡ á´˜ÊŸá´€ÊÉªÉ´É¢: [Rich Gang ft. Young Thug, Ri](https://www.youtube.com/watch?v=nGt_JGHYEO4) â”€â”€â”€â”€â”€â”€â”€â”€â”€âšªâ”€â”€â”€â”€â”€ â—„â—„â €[â–¶](https://www.youtube.com/watch?v=nGt_JGHYEO4)â €â–ºâ–ºâ € 2:56 / 4:24 â € â”€â”€â”€â—‹ ğŸ”Š á´´á´° âš™ï¸",2020-12-13 19:57:49
___alexa___,É´á´á´¡ á´˜ÊŸá´€ÊÉªÉ´É¢: [MORGENSHTERN - ICE (feat. MO](https://www.youtube.com/watch?v=5e6JkYzYHxY) â”€â”€â”€â”€â”€â”€â”€â”€â”€âšªâ”€â”€â”€â”€â”€ â—„â—„â €[â–¶](https://www.youtube.com/watch?v=5e6JkYzYHxY)â €â–ºâ–ºâ € 1:24 / 2:07 â € â”€â”€â”€â—‹ ğŸ”Š á´´á´° âš™ï¸,2020-12-13 19:54:33
TradingDjinn,LMAO amazing. We liked this so much we did a [voiceover on it on our new youtube channel](https://www.youtube.com/watch?v=uVotS0WO2yU),2020-12-13 19:42:35
uninfinity,***NZIER quarterly report states consensus is clearly for a v-shaped recovery in New Zealand and expects substantial upward revisions to GDP forecasts during the upcoming year***,2020-12-13 19:34:57
Bolaf,Like [Through the safety and the dance](https://www.youtube.com/watch?v=kQmE6Lzq6t8),2020-12-13 19:29:43
Bolaf,[Call me a hole] (https://www.youtube.com/watch?v=5Lm1FL7gWl4),2020-12-13 19:28:41
___alexa___,É´á´á´¡ á´˜ÊŸá´€ÊÉªÉ´É¢: [Eminem - My Name Is (Officia](https://www.youtube.com/watch?v=sNPnbI1arSE) â”€â”€â”€â”€â”€â”€â”€â”€â”€âšªâ”€â”€â”€â”€â”€ â—„â—„â €[â–¶](https://www.youtube.com/watch?v=sNPnbI1arSE)â €â–ºâ–ºâ € 2:46 / 4:09 â € â”€â”€â”€â—‹ ğŸ”Š á´´á´° âš™ï¸,2020-12-13 19:24:56
___alexa___,"É´á´á´¡ á´˜ÊŸá´€ÊÉªÉ´É¢: [Signed, Sealed, Delivered (I](https://www.youtube.com/watch?v=6To0fvX_wFA) â”€â”€â”€â”€â”€â”€â”€â”€â”€âšªâ”€â”€â”€â”€â”€ â—„â—„â €[â–¶](https://www.youtube.com/watch?v=6To0fvX_wFA)â €â–ºâ–ºâ € 1:48 / 2:42 â € â”€â”€â”€â—‹ ğŸ”Š á´´á´° âš™ï¸",2020-12-13 19:16:18
DCLetters,"Call Me A Hole:

https://m.youtube.com/watch?v=5Lm1",2020-12-13 23:41:11
artemiusgreat,"Not to mention that they fire employees if they start making more money doing their side business :) 

 [https://www.youtube.com/watch?v=2pIJoPkh9IU](https://www.youtube.com/watch?v=2pIJoPkh9IU)",2020-12-13 23:25:22
heywhathuh,"Just praying my planned buys donâ€™t run up premarket (G I K,  G H I V)

Knowing my luck theyâ€™ll be through the roof by the time I wake up",2020-12-13 23:24:39
dhsmatt2,[https://www.youtube.com/watch?v=Xv2VIEY9-A8](https://www.youtube.com/watch?v=Xv2VIEY9-A8),2020-12-13 23:22:13
___alexa___,É´á´á´¡ á´˜ÊŸá´€ÊÉªÉ´É¢: [Gay Bears Try Voguing       ](https://www.youtube.com/watch?v=rJGgj84bXww) â”€â”€â”€â”€â”€â”€â”€â”€â”€âšªâ”€â”€â”€â”€â”€ â—„â—„â €[â–¶](https://www.youtube.com/watch?v=rJGgj84bXww)â €â–ºâ–ºâ € 3:13 / 4:50 â € â”€â”€â”€â—‹ ğŸ”Š á´´á´° âš™ï¸,2020-12-13 23:20:12
GoBeaversOSU,[Message to all our Jewish traders in here](https://www.youtube.com/watch?v=8eB4PkCo4Lo&amp;t=0m27s),2020-12-13 23:03:44
MadMadMad2018,V,2020-12-13 22:47:16
totalrandomperson,[Source from the actual creator](https://www.youtube.com/watch?v=NUYvbT6vTPs),2020-12-13 22:37:30
AUSTINpowers050,Buy G H ğŸ‘ V asap,2020-12-13 21:52:52
SonOfASeahorse,G H EYE V or B F Tendies tomorrow?,2020-12-13 21:50:41
itsMurphDogg,[This is September](https://www.youtube.com/watch?v=YSKF1Ka-qIc),2020-12-13 21:48:44
