author,body,created_utc,stock
tendrils87,"The Big Short 2 will not be about retailers getting revenge or some feel good story. It'll be about whomever is shorting NOW when GME plummets, and 90% of y'all are bagholding.",2021-02-01 00:00:11,GME
Shourinkai,"You should read this [https://www.reddit.com/r/wallstreetbets/comments/l97ykd/the\_real\_reason\_wall\_street\_is\_terrified\_of\_the/](https://www.reddit.com/r/wallstreetbets/comments/l97ykd/the_real_reason_wall_street_is_terrified_of_the/)

Excerpt:

&gt;Here is my hypothesis: I think the hedge funds, clearing houses, and DTC executed a coordinated effort to put Game Stop out of business by conspiring to create a gargantuan number of counterfeit shares of GME, possibly 100-200% or more of the shares originally issued by Game Stop. In the process, they may have accidentally created a bomb that could blow up the entire system as we know it and we're seeing their efforts to cover this up unfold now. What is that bomb? **I believe retail investors may hold more than 100% of GME** (not just 100% of the float, more than 100% of the actual company). This would be definitive proof of illegal activity at the highest levels of the financial system.",2021-02-01 00:00:16,GME
GetCPA,Distractions. Itâ€™s all about GME,2021-02-01 00:00:14,GME
richardparadox163,"PINTEREST earnings on Thursday AH. Melvin Capital had to sell some of their position to cover GME, so itâ€™s on sale right now. Get in before it gaps up to 85 on Friday morning like it always does after earnings.",2021-02-01 00:00:04,GME
SkyLX,"GME @330
NOK 1/21/22 3$ and 5$ leaps
PLTR @ 31

I have read a whole bunch of dd freinds and this is the final indicator. The fates have decided and fortold.",2021-02-01 00:00:02,GME
TreeHugChamp,"That was dated 1/15.       

My only long positions are in GME+BB and my margin and cash will be used to day trade so I can add to my long positions.         

This is not investment advice and is for entertainment purposes only.",2021-02-01 00:00:20,GME
Antheo94,GME ğŸ’ğŸ¤²ğŸš€,2021-02-01 00:00:29,GME
KnowledgeNate,"SPOILER ALERT: A NON-GME RELATED POST.

If ""data is the new oil"", what companies are we targeting? And I'm looking for some under-the-radar bunnies. Get at me, geniuses out there.",2021-02-01 00:00:29,GME
artmagic95833,So it's gmeğŸ’âœ‹ğŸš€ğŸŒ™? Gotcha,2021-02-01 00:00:26,GME
dumdumnumber2,"How do we know PSLV does not? And if SLV has shorts on it, and they get squeezed, wouldn't we suck them dry like GME shorts?",2021-02-01 00:00:33,GME
Timbo2510,"# TLDR:

YOU SHOULD GODDAMN KNOW BY NOW THAT THIS WAR IS ALL ABOUT **GAMESTOP GME** AND HOW TO TAKE DOWN THE CORRUPT 1%. ANYONE WHO TALKS ABOUT ANYTHING ELSE BUT GME HAS EITHER ILL INTENTION TO CORRUPT THIS MOVEMENT OR DIDN'T DO HIS HOMEWORK ğŸ’ğŸ™ŒğŸš€ğŸ’ğŸ™ŒğŸš€ğŸ’ğŸ™ŒğŸš€ğŸ’ğŸ™ŒğŸš€ğŸ’ğŸ™ŒğŸš€",2021-02-01 00:00:33,GME
seitz38,Headline News was reporting on â€œRedditâ€ causing a short squeeze on SLV before there was even a short squeeze on GME. Fucking sus,2021-02-01 00:00:40,GME
yaosio,If it sells you should buy 99 million space bucks worth of GME.,2021-02-01 00:00:38,GME
AOCbigTits,"Go get your free stock bro, it might be GME. 
&gt;Iâ€™m pleased to announce my weekly GME gains of $69,694.20. Very bullish for Monday with these good luck numbers!",2021-02-01 00:00:50,GME
AWOL_42,Saw this shit hit my FB feed. Said it was a psyop to distract from GME. Comment was gone in under 3 min. Could have just paid off their bets instead of wasting money on that trash but here we are heading to the moon instead. ğŸ’ğŸ‘,2021-02-01 00:00:57,GME
